Northlight Mgmt — Dates 2027,,,,,,,,,,,
Artist,Show Date,City,Venue,Cap,Status,Deal,Guarantee,Deposit,Tour,Load In,Doors,Show Time
Juniper Vale,5/14/27,"Chicago, IL",The Foundry,1500,Confirmed,vs 85%,"$10,000","$5,000",Summer Run,2:00 PM,7:00 PM,9:00 PM
Juniper Vale,5/16/27,"Nashville, TN",Brightwater Hall,900,Hold 2,flat,"$8,000",,Summer Run,3:00 PM,7:00 PM,8:30 PM
Juniper Vale,5/18/27,"Atlanta, GA",Peachline Theater,1300,Hold 1,vs 85%,"$11,000","$5,500",Summer Run,,,
The Coastlines,June 3 2027,"Denver, CO",Gold Hill Theatre,1600,Confirmed,vs 85%,"$12,000","$6,000",,2:30 PM,7:00 PM,9:00 PM
The Coastlines,6/5/27,"Salt Lake City, UT",Wasatch Room,1100,Pencil,,"$9,000",,,,,
Sable Wren,6/12/27,"Toronto, ON",The Marlowe Hall,1100,Confirmed,vs 85%,"CA$9,500","CA$4,750",,3:00 PM,7:00 PM,9:00 PM
Sable Wren,6/13/27,"Montréal, QC",Salle Ferro,900,Confirmed,flat,"CA$7,000","CA$3,500",,,,
Sable Wren,6/19/27,"Ottawa, ON",Riverside Festival · Side Stage,6000,Hold 1,festival,"CA$15,000","CA$7,500",,,,4:15 PM
Kestrel,7/2/27,"Detroit, MI",Motor Hall,1500,Confirmed,vs 85%,"$9,000","$4,500",,2:00 PM,8:00 PM,10:00 PM
Kestrel,7/3/27,"Cleveland, OH",Lakehouse Hall,900,Pencil,,"$7,000",,,,,
